,,,Кухня,Костровая сцена,Большая Сцена и Поляна,Большой шатёр,Малый шатёр,Белый шатёр,Стеклянный шатёр    Детский городок,Терем,Столовая,Поляна с углями
Пятница,,,"Пятница, 26.06.26","Пятница, 26.06.26","Пятница, 26.06.26","Пятница, 26.06.26","Пятница, 26.06.26","Пятница, 26.06.26","Пятница, 26.06.26","Пятница, 26.06.26","Пятница, 26.06.26","Пятница, 26.06.26"
дата,час,мин,,,,,,,,,,
26.06.26,11,00,,,,,,,,,,
,,30,,,,,,,,,,
26.06.26,12,00,НАЧАЛО ФЕСТИВАЛЯ (ЗАЕЗД),,,,,,,,,
,,30,,,,,,,,,,
26.06.26,13,00,,,,,,,,,,
,,30,,,,,,,,,,
26.06.26,14,00,,,,,,,,,,
,,30,,,,,,,,,,
26.06.26,15,00,,,,,,,,,,
,,30,,,,,,,,,,
26.06.26,16,00,,,,Универсальная йога с Андреем Плетнёвым,,Погружение в Ведическую Культуру с Пандитом Джи Каджолом Щастри,Медитация под гонг с Ириной Солнье,,,
,,30,,,,,,,,,,
26.06.26,17,00,,,,,,,,,,
,,30,,,,Йога-нидра под звуки ханга с Ульяной Тельновой,,,,,,
26.06.26,18,00,,Песни у костра с Ярославом Климановым,,,,Свами Нилмани Махарадж: Сатсанг. Духовное общение,,,,
,,30,,,,,,,,,,
26.06.26,19,00,,,,,,,,,,
,,30,Ужин,,,,,,,,,
26.06.26,20,00,,,,,,,,,,
,,30,,"Инструментальная музыка и мантры с Баладжи, Сита Рам, Живой Музыкой ОМ",,,,,,,,
26.06.26,21,00,,,,,,,,,,Углехождение с Юрием Курочкиным 
,,30,,,,,,,,,,
26.06.26,22,00,,,,,,,,,,
,,30,,,,,,,,,,
Суббота,,,"Суббота, 27.06.26","Суббота, 27.06.26","Суббота, 27.06.26","Суббота, 27.06.26","Суббота, 27.06.26","Суббота, 27.06.26","Суббота, 27.06.26","Суббота, 27.06.26","Суббота, 27.06.26","Суббота, 27.06.26"
27.06.26,06,00,,,,,,,,,,
,,30,,,,,,,,,,
27.06.26,07,00,,,,Хатха-йога                      Денис Рябинкин,Йога по методу Культура движения с Кристиной Андреевой,"Атма Шуддхи Йога - Свами Нилмани Махарадж: Мантры для внутреннего очищения, медитация, мудры, настройка",Цигун с Юрием Щербининым,,,
,,30,,,,,,,,,,
27.06.26,08,00,,,,,,,,,,
,,30,Завтрак,,,,,,,,,
27.06.26,09,00,,,,,,,,,,
,,30,,,,,резерв под Отцы и Дети,,"Шатёр: Гонг-Сатори с Ларисой Лакшми.                            Улица: Уличная игротека с проектом «Отцы и дети»

",,Мастер-класс по созданию посоха Дождя с Еленой Низамовой,
27.06.26,10,00,,,,Женский йога-баланс с Ульяной Тельновой,,ОМ-Чантинг с Ольгой Главатских,,,,
,,30,,,,,,,,,,
27.06.26,11,00,,,,,,,"Детский творческий МК и уроки доброты с Жанной, Марией и Еленой",,,
,,30,,,,"Семинар ""Дорасти до любви"" Юрий Курочкин (часть 1 ""Тантрический цигун"")",Танец TRIBLE с Bucha Inoxios,Гвоздестояние с Антоном Сараевым,,Практический семинар по Мантра-медитации с Амала Говиндой ,,
27.06.26,12,00,,,,,,,,,,
,,30,,,,,,,,,,
27.06.26,13,00,Обед,,,,,,,,,
,,30,,,,,,,,,,
27.06.26,14,00,,,чек. занято,подготовка,,Саундхилинг с Семёном Караваевым,Запуск воздушных змеев (главная поляна фестиваля),"Практический семинар Ярослава Климанова: ""Йога Творчества"" ",,
,,30,,,,,Парная йога с Андреем Плетневым,,,,,
27.06.26,15,00,,,,,,,Для детей и родителей:             Интерактивная терапевтическая сказка «Рассказ моей души» с Марией Карфидовой ,,,
,,30,,Барабанный мастер-класс с Виктором Оськовым,,,,,,,,
27.06.26,16,00,,,,Ягья - огненная церемония              Свами Нилмани,,Терапевтическая йога с Екатериной Князевой,"Детская уличная игротека с Викторией Большаковой - рисование, конкурсы",,Мастер-класс по Осознанным Сновидениям от Елены Бураковой,
,,30,,,чек. занято,,,,,Создание песочной мандалы с Андреем Плетнёвым,,
27.06.26,17,00,,,,,,,Детская уличная игротека с Марией Карфидовой,,,
,,30,,,,,,,,,,
27.06.26,18,00,,,Крылья Мечты с хороводом (Максимильян),,,,,,,
,,30,,,,,,,,,,
27.06.26,19,00,Ужин,,,,,,,,,
,,30,,,ЖИВАЯ МУЗЫКА ОМ + ХОЛИ,,,,,,,
27.06.26,20,00,,,,,,,,,,
,,30,,,,,,,,,,
27.06.26,21,00,,,,,,,,,,
,,30,,,ОДНОНО,,,,,,,
27.06.26,22,00,,,,,,,,,,
,,30,,,,,,,,,,
27.06.26,23,0,,,BUDA LOVE,,,,,,,
,,30,,,Экстатик с Датурой,,,,,,,
Воскресенье,,,"Воскресенье, 28.06.26","Воскресенье, 28.06.26","Воскресенье, 28.06.26","Воскресенье, 28.06.26","Воскресенье, 28.06.26","Воскресенье, 28.06.26","Воскресенье, 28.06.26","Воскресенье, 28.06.26","Воскресенье, 28.06.26","Воскресенье, 28.06.26"
28.06.26,06,00,,,,,,,,,,
,,30,,,,,,,,,,
28.06.26,07,00,,,,Хатха-йога                      Денис Рябинкин,Йога по методу Культура движения с Кристиной Андреевой,"Атма Шуддхи Йога - Свами Нилмани Махарадж: Мантры для внутреннего очищения, медитация, мудры, настройка ",Кундалини-ребёфинг с гонгом с Ириной Солнье,,,
,,30,,,,,,,,,,
28.06.26,08,00,,,,,,,,,,
,,30,Завтрак,,,,,,,,,
28.06.26,09,00,,,,,,,,,,
,,30,,,,"Семинар ""Дорасти до любви"" Юрий Курочкин (часть 2 )",Терапевтическая йога с Екатериной Князевой,,Уличная игротека с проектом «Отцы и дети»,"Мастер-класс ""Ферментация напитков и еды"" от травницы Марьяны Францевой",,
28.06.26,10,00,,,,,,,,,,
,,30,,,,,,,,,,
28.06.26,11,00,,,,Дыхательная сессия с Николаем Ворошиловым,,,Нейрографика с Викторией Большаковой для детей и родителей,,,
,,30,,,,,Групповая мандала с Андреем Плетневым,"Семинар ""Дом по Васту - Благословение"" Александр Абдуллаев",,,,
28.06.26,12,00,,,,,,,,,,
,,30,,,,,,,,,,
28.06.26,13,00,Обед,,,,,,,,,
,,30,,,,,,,,,,
28.06.26,14,00,,,,,Посвящение в мантру со Свами Нилмани. Только для серьёзнонастроеных,Регрессивная медитация под звуки ханга с Натальей Лыжиной и Ульяной Тельновой,Запуск воздушных змеев (главная поляна фестиваля),"Практический семинар Ярослава Климанова: ""Жизнь как Творчество"" ",,
,,30,,,,Контактная импровизация с Александром Быленковым,,,,,,
28.06.26,15,00,,,,,Гвоздестояние с Антоном Сараевым,,Мастер-класс «Свой мини-огород» с Максимом Бородиным для детей и родителей,,,
,,30,,,"Чек, занято",,,,,,,
28.06.26,16,00,,,РАСАМРИТА,,,,Уличная игротека с Жанной Поплавской для детей,,,
,,30,,,,,,,,,,
28.06.26,17,00,,,,,,,,,,
,,30,,,ЖИВАЯ МУЗЫКА ОМ,,,,,,,
28.06.26,18,00,,,,,,,,,,
,,30,,,,,,,,,,
28.06.26,19,00,Ужин,,,,,,,,,
,,30,ЗАВЕРШЕНИЕ ФЕСТИВАЛЯ (ОТЪЕЗД),,,,,,,,,
28.06.26,20,00,,,,,,,,,,
,,30,,,,,,,,,,
28.06.26,21,00,,,,,,,,,,
,,30,,,,,,,,,,
28.06.26,22,00,,,,,,,,,,
,,30,,,,,,,,,,